b2551,2.1.2.1
b0870,4.1.2.48
b3368,1.3.1.76;2.1.1.107;4.99.1.4
b2436,1.3.3.3
b3500,1.8.1.7
b0945,1.3.5.2
b4467,
b4468,
b2979,1.1.3.15
b3916,2.7.1.11
b1260,4.2.1.20
b1261,4.2.1.20
b3426,1.1.5.3
b2242,1.1.5.3
b2243,1.1.5.3
b2241,1.1.5.3
b4054,2.6.1.57
b3770,2.6.1.42
b3281,1.1.1.25
b1692,1.1.1.282
b0243,1.2.1.41
b1613,5.3.1.8
b0414,1.1.1.193;3.5.4.26
b3041,4.1.99.12
b0025,2.7.1.26;2.7.7.2
b0844,3.1.3.102;3.1.3.104
b0446,
b3812,3.1.3.102;3.1.3.104
b1662,2.5.1.9
b0421,2.5.1.1;2.5.1.10
b3804,4.2.1.75
b3997,4.1.1.37
b4382,2.4.2.4
b0126,4.2.1.1
b0339,4.2.1.1
b4006,2.1.2.3;3.5.4.10
b2508,1.1.1.205
b3846,1.1.1.35;4.2.1.17;5.1.2.3;5.3.3.8
b2341,1.1.1.35;4.2.1.17;5.1.2.3
b2400,6.1.1.17
b3993,2.5.1.3
b2066,2.7.1.48
b0238,2.4.2.22
b0125,2.4.2.8
b0474,2.7.4.3
b2518,2.7.4.6
b1062,3.5.2.3
b1281,4.1.1.23
b0720,2.3.3.1
b1136,1.1.1.42
b1241,1.1.1.1;1.2.1.10
b0351,1.2.1.10
b4069,6.2.1.1
b2502,3.6.1.11;3.6.1.40
b4226,3.6.1.1
b2744,3.1.3.5
b3403,4.1.1.49
b1479,1.1.1.38
b1190,5.1.1.1
b4053,5.1.1.1
b2379,
b2290,2.6.1.2;2.6.1.66
b3564,2.7.1.17
b0063,2.7.1.16
b3752,2.7.1.15
b3926,2.7.1.30
b4383,5.4.2.7
b0928,2.6.1.1
b2930,
b4232,3.1.3.11
b3697,
b3925,3.1.3.11
b3430,2.7.7.27
b1854,2.7.1.40
b1676,2.7.1.40
b2708,5.3.1.13
b3197,5.3.1.13
b0071,4.2.1.33;4.2.1.35
b0072,4.2.1.33;4.2.1.35
b0077,2.2.1.6
b0078,2.2.1.6
b3671,2.2.1.6
b3670,2.2.1.6
b0908,2.5.1.19
b1263,2.4.2.18;4.1.3.27
b1264,4.1.3.27
b2599,4.2.1.51;5.4.99.5
b2600,1.3.1.12;5.4.99.5
b2329,4.2.3.5
b1262,4.1.1.48;5.3.1.24
b2779,4.2.1.11
b2925,4.1.2.13
b2097,4.1.2.13
b0963,4.2.3.3
b1702,2.7.9.2
b4025,5.3.1.9
b2926,2.7.2.3
b1850,4.1.2.14;4.1.3.42
b0767,3.1.1.31
b3386,5.1.3.1
b2464,2.2.1.2
b0008,2.2.1.2
b2465,2.2.1.1
b2935,2.2.1.1
b0678,3.5.99.6
b1478,1.1.1.1
b4269,
b0493,
b3588,
b3003,
b3011,
b3903,5.3.1.14
b2411,6.5.1.2
b3996,3.6.1.22
b4390,2.7.1.22;2.7.7.1
b0639,2.7.7.18
b2103,2.7.1.49;2.7.4.7
b2418,2.7.1.35
b3831,2.4.2.3
b4384,2.4.2.1
b3073,2.6.1.82
b3708,4.1.99.1
b3008,4.4.1.8
b3614,
b1134,
b3642,2.4.2.10
b0415,2.5.1.78
b3771,4.2.1.9
b2293,3.1.3.23
b3885,3.1.3.10
b2579,
b3114,2.3.1.54
b3952,1.97.1.4
b0902,1.97.1.4
b0903,2.3.1.54
b3951,2.3.1.54
b4152,
b4153,1.3.5.4
b4154,1.3.5.4
b4151,
b0871,1.2.5.1
b2297,2.3.1.8
b2458,
b3115,2.7.2.15
b1849,2.1.2.2
b2296,2.7.2.1
b3633,2.4.99.12;2.4.99.13;2.4.99.14;2.4.99.15
b0174,2.5.1.31
b0524,3.6.1.54
b0182,2.4.1.182
b0915,2.7.1.130
b2781,3.6.1.9
b0099,3.6.1.55
b0160,3.1.5.1
b0073,1.1.1.85
b1800,1.1.1.83;1.1.1.93;4.1.1.73
b0523,5.4.99.18
b1131,4.3.2.2
b2407,
b2235,1.17.4.1
b3781,
b2582,1.8.1.8
b2234,1.17.4.1
b2827,2.1.1.45
b1238,2.7.1.21
b3639,4.1.1.36;6.3.2.5
b1232,3.5.1.10
b1851,4.2.1.12
b1693,4.2.1.10
b4146,
b1004,1.6.5.2
b3713,
b1109,1.6.99.3
b0046,
b3236,1.1.1.37
b1612,4.2.1.2
b1611,4.2.1.2
b4122,4.2.1.2
b1638,1.4.3.5
b0907,2.6.1.52
b1210,1.2.1.70
b3429,2.4.1.21
b3428,2.4.1.1
b3417,2.4.1.1
b0428,
b0120,4.1.1.50
b2937,3.5.3.11
b4117,4.1.1.19
b3172,6.3.4.5
b3958,1.2.1.38
b0121,2.5.1.16
b0154,5.4.3.8
b0918,2.7.7.38
b4322,4.2.1.8
b3091,4.2.1.7
b3092,5.3.1.12
b3176,5.4.2.10
b3730,2.3.1.157;2.7.7.23
b3189,2.5.1.7
b3967,5.1.1.3
b3786,5.1.3.14
b2323,2.3.1.41
b2232,2.1.1.64;2.1.1.222
b0593,5.4.4.2
b0142,2.7.6.3
b3634,2.7.7.3
b0394,2.7.1.4
b0173,1.1.1.267
b3843,4.1.1.98
b0477,2.7.1.73
b1302,2.6.1.19
b2662,2.6.1.19;2.6.1.22
b1525,1.2.1.16;1.2.1.24
b4139,4.3.1.1
b2797,4.3.1.17
b3117,4.3.1.19
b1814,4.3.1.17
b4471,4.3.1.17
b3616,1.1.1.103
b3589,1.1.1.1
b3774,1.1.1.86
b2316,6.4.1.2
b3255,
b0185,6.4.1.2
b3256,6.3.4.14;6.4.1.2
b2615,2.7.1.23
b2265,5.4.4.2
b2261,4.2.1.113
b0596,1.3.1.28
b0595,3.3.2.1;6.3.2.14
b3583,5.1.3.4
b0061,5.1.3.4
b4198,5.1.3.4
b4374,3.1.3.5
b0675,
b2361,
b2291,3.1.3.89
b1651,4.4.1.5
b0766,
b3826,
b0758,2.7.7.12
b0420,2.2.1.7
b1208,2.7.1.148
b2746,4.6.1.12
b3526,2.7.1.45
b3565,5.3.1.5
b2048,5.4.2.8
b4015,4.1.3.1
b2904,
b0116,1.8.1.4
b2905,2.1.2.10
b2903,1.4.4.2
b0261,2.1.1.10
b0759,5.1.3.2
b0344,3.2.1.23
b4239,3.2.1.93
b3956,4.1.1.31
b0822,3.1.3.23
b2540,
b2538,1.14.12.19
b2539,1.14.12.19
b2542,1.18.1.3
b2541,1.3.1.87
b0616,4.1.3.34
b0617,
b0614,2.7.7.61
b0615,2.8.3.10
b2052,1.1.1.271
b1636,2.7.1.35
b1277,3.5.4.25
b2752,2.7.7.4
b2751,2.7.7.4
b2799,1.1.1.77
b3902,4.1.2.19
b2705,1.1.1.140
b2091,1.1.1.251
b3137,4.1.2.40
b2096,4.1.2.40
b3132,
b2095,
b4323,1.1.1.57
b1521,1.1.1.58
b3385,3.1.3.18
b0507,4.1.1.47
b3061,4.2.1.32
b3062,4.2.1.32
b3126,4.1.2.20
b1095,2.3.1.179
b1054,2.3.1.241
b1855,2.3.1.243
b2378,2.3.1.242
b0109,2.4.2.19
b1094,
b2836,2.3.1.40;6.2.1.20
b2472,3.5.1.18
b1590,
b0894,1.8.5.3
b1588,1.97.1.9
b1587,1.97.1.9
b0896,
b1589,
b0895,
b3553,1.1.1.79;1.1.1.81;1.1.1.215
b0638,3.1.3.73
b3399,3.1.3.5
b0469,2.4.2.7
b3187,2.5.1.90
b3222,2.7.1.60
b3225,4.1.3.3
b3942,1.11.1.21
b1732,1.11.1.6
b0586,6.3.2.14
b3794,2.4.1.180
b3693,2.7.1.58
b2901,3.2.1.86
b2716,3.2.1.86
b3721,3.2.1.86
b3416,2.4.1.25
b1398,6.2.1.30
b0049,3.6.1.41
b3784,2.7.8.33;2.7.8.35
b4481,2.4.1.325
b3052,2.7.1.167;2.7.7.70
b1896,2.4.1.15
b0841,3.6.1.27
b1278,3.1.3.4;3.1.3.27;3.1.3.81;3.6.1.27
b3057,3.6.1.27
b3519,3.2.1.28
b0910,2.7.4.25
b3648,2.7.4.8
b2221,2.8.3.8;2.8.3.9
b2222,2.8.3.8;2.8.3.9
b1694,2.8.3.8
b2039,2.7.7.24
b3789,2.7.7.24
b2041,4.2.1.46
b3788,4.2.1.46
b2036,5.4.99.9
b2038,5.1.3.13
b2040,1.1.1.133
b0512,3.5.2.5
b3972,1.3.1.98
s0001,
b3617,2.3.1.29
b0030,
b0200,3.1.3.82;3.1.3.83
b0222,5.3.1.28
b0038,2.8.3.21
b0036,4.2.1.149
b3844,1.5.1.41;1.16.1.3
b2784,2.7.6.5
b2431,
b1019,
b0475,4.99.1.1;4.99.1.9
b4040,2.5.1.39
b3974,2.7.1.33
b0103,2.7.1.24
b2104,2.7.1.50
b1215,2.5.1.55
b3198,3.1.3.45
b1747,2.3.1.109
b1744,3.5.1.96
b0340,4.2.1.104
b2988,3.5.1.78;6.3.1.8
b2883,3.5.4.3
b1098,2.7.4.9
b0888,1.8.1.9
b0688,5.4.2.2
b1317,5.4.2.6
b2690,
b2168,2.7.1.56
b2687,4.4.1.21
b4196,4.1.1.85
b3581,4.1.1.85
b3582,5.1.3.22
b4197,5.1.3.22
b3575,1.1.1.130
b0312,1.2.1.8
b0403,3.2.1.20
b0207,1.1.1.346
b3012,1.1.1.346
b3962,1.6.1.1
b0937,1.5.1.38
b2763,1.8.1.2
b2764,1.8.1.2
b2563,2.7.8.7
b3475,
b2507,6.3.5.2
b1982,3.2.2.4
b1812,2.6.1.85
b3360,2.6.1.85
b1096,4.1.3.38
b4039,4.1.3.40
b1200,
b2415,
b1199,
b2416,2.7.3.9
b1198,
b0171,2.7.4.22
b4477,4.1.2.21
b2498,2.4.2.9
b2780,6.3.4.2
b0087,2.7.8.13
b0090,2.4.1.227
b3946,
b0825,
b3619,5.1.3.20
b4267,1.1.1.264
b1033,1.1.1.79;1.1.1.81
b3957,3.5.1.16
b1623,3.5.4.4
b3665,3.5.4.2
b4177,6.3.4.4
b0677,3.5.1.25
b1767,3.5.1.1
b0828,3.4.19.5
b3744,6.3.1.1
b0674,6.3.5.4
b4244,
b4245,2.1.3.2
b0029,1.17.7.4
b1092,2.3.1.39
b3809,5.1.1.7
b0031,1.17.1.8
b0003,2.7.1.39
b1748,2.6.1.81
b3359,2.6.1.11;2.6.1.17
b0004,4.2.3.1
b4013,2.3.1.46
b2601,2.5.1.54
b0754,2.5.1.54
b1704,2.5.1.54
b2700,3.5.1.42
b1768,3.5.1.19
b1014,1.2.1.88;1.5.5.2
b1584,2.3.1.57
b3790,2.3.1.210
b4014,2.3.3.9
b2976,2.3.3.9
b1897,3.1.3.12
b3034,3.6.1.13
b3397,
b0062,5.3.1.4
b3600,1.1.1.17
b3608,1.1.1.94
b4119,3.2.1.22
b2802,5.3.1.3;5.3.1.25
b2803,2.7.1.51
b2800,4.1.2.17
b2738,4.1.1.104
b0335,6.2.1.17
b1236,2.7.7.9
b0179,2.3.1.191
b0085,6.3.2.13
b0091,6.3.2.8
b0088,6.3.2.9
b0505,4.3.2.3
b0350,4.2.1.80
b0352,4.1.3.39
b0347,1.14.13.127
b0726,1.2.4.2
b0727,2.3.1.61
b3945,1.1.1.6
b0131,4.1.1.11
b0086,6.3.2.10
b0096,3.5.1.108
b0181,2.3.1.129
b2019,2.4.2.17
b2020,1.1.1.23
b2022,3.1.3.15;4.2.1.19
b1207,2.7.6.1
b2026,3.5.4.19;3.6.1.31
b2024,5.3.1.16
b3607,2.3.1.30
b2421,2.5.1.47
b2414,2.5.1.47
b4214,3.1.3.7
b2762,1.8.4.8;1.8.4.10
b4024,2.7.2.4
b0002,1.1.1.3;2.7.2.4
b3940,1.1.1.3;2.7.2.4
b3433,1.2.1.11
b2838,4.1.1.20
b2942,2.5.1.6
b4192,
b1993,2.7.1.156;2.7.7.62
b1992,2.7.8.26
b0417,2.7.4.16
b0348,1.13.11.16
b0349,3.7.1.14
b3124,2.7.1.165
b0583,6.3.2.14
b0732,3.2.1.170
b0517,1.1.1.350
b0521,2.7.2.2
b3223,5.1.3.9
b2428,4.2.1.126
b0651,
b2162,3.2.2.8
b0522,6.3.4.18
b1779,1.2.1.12
b2388,2.7.1.2
b2029,1.1.1.44;1.1.1.343
b0368,1.14.11.17
b2463,1.1.1.40
b3960,4.3.2.1
b0033,6.3.5.5
b0032,6.3.5.5
b0242,2.7.2.11
b0074,2.3.3.13
b1091,2.3.1.180
b3908,1.15.1.1
b1656,1.15.1.1
b0159,3.2.2.9
b1106,2.7.1.89
b1759,3.6.1.65
b2251,
b0905,
b3248,
b0386,1.5.1.2
b2521,2.8.1.1;2.8.1.2
b2668,
b3425,2.8.1.1
b2053,4.2.1.47
b2920,
b2143,3.5.4.5
b0778,6.3.3.3
b2065,3.5.4.13
b2478,4.3.3.7
b0337,3.5.4.1
b3729,2.6.1.16
b2688,6.3.2.2
b0485,3.5.1.2
b1524,3.5.1.2
b2312,2.4.2.14
b0104,1.7.1.7
b1740,6.3.1.5
b3366,1.7.1.15
b3365,1.7.1.15
b0273,2.1.3.3
b4254,2.1.3.3
b2500,2.1.2.2
b3449,3.1.4.46
b0331,4.1.3.30
b2210,1.1.5.4
b1746,1.2.1.71
b0052,1.1.1.262
b2564,2.6.99.2
b0369,4.2.1.24
b4005,6.3.4.13
b2557,6.3.5.3
b2440,4.3.1.7
b2441,4.3.1.7
b2049,2.7.7.13
b3806,4.6.1.1
b2533,3.1.3.25
b0333,2.3.3.5
b4161,3.1.3.100
b3590,
b2918,
b2727,
b2173,
b4352,
b4173,
b1852,1.1.1.49;1.1.1.363
b0134,2.1.2.11
b2028,1.1.1.22
b2788,
b2787,4.2.1.40
b3791,2.6.1.59
b3787,1.1.1.336
b1415,1.2.1.21;1.2.1.22
b1493,4.1.1.15
b3517,4.1.1.15
b3551,
b2750,2.7.1.25
b1622,4.4.1.8
b3939,2.5.1.48
b2661,1.2.1.16;1.2.1.20;1.2.1.79
b0241,
b0929,
b1377,
b2215,
b0411,
b0957,
b1319,
b3875,
b1701,
b1805,6.2.1.3
b1646,1.15.1.1
b2206,
b2203,
b2204,
b2205,
b2202,
b0980,3.1.3.2;3.1.3.26
b0383,3.1.3.1
b1465,1.7.5.1
b1226,
b1466,
b1224,1.7.5.1
b1468,1.7.5.1
b1227,1.7.5.1
b1467,1.7.5.1
b1225,1.7.5.1
b1602,1.6.1.2
b1603,1.6.1.2
b0997,1.7.2.3
b1873,
b1872,1.7.2.3
b0996,
b2342,2.3.1.16
b3845,2.3.1.16
b4388,3.1.3.3
b3528,
b0010,
b4138,
b4123,
b0621,
b2417,
b2429,2.7.1.192
b2422,3.6.3.25
b2425,
b0763,
b3917,
b0764,
b2423,
b0765,3.6.3.29
b2424,
b3063,
b2913,1.1.1.95;1.1.1.399
b0367,
b0365,
b0366,3.6.3.36
b2393,
b2964,
b3849,
b3747,
b3290,
b1291,
b1363,
b1250,
b2587,
b4031,
b0068,
b0067,
b0066,
b2406,
b3460,
b3456,
b3455,
b3454,
b3457,
b4240,2.7.1.201
b3161,
b0112,
b3709,
b1907,
b3566,
b3567,3.6.3.17
b3568,
b3578,
b3579,
b3577,
b3089,
b2153,3.5.4.16
b0935,1.14.14.5
b0153,
b0152,
b0151,3.6.3.34
b1711,
b1709,3.6.3.33
b0158,
b2223,
b1101,2.7.1.199
b0679,2.7.1.193
b1818,
b1817,2.7.1.191
b1819,
b3224,
b0311,1.1.99.1
b4381,4.1.2.4
b0590,
b0588,3.6.3.34
b0592,
b0589,
b2841,
b2308,
b2310,
b0862,
b0863,
b0864,
b0860,
b2306,3.6.3.21
b0861,
b2307,
b4115,
b4193,
b4194,2.7.1.194
b4195,2.7.1.194
b1453,
b0653,
b0655,
b0654,
b0652,
b4077,
b4055,3.1.3.2
b0480,3.1.3.5;3.6.1.45
b2789,
b3127,
b2943,
b2663,
b1917,
b1920,
b1918,
b2703,2.7.1.198
b2702,
b2704,2.7.1.198
b1197,3.2.1.28
b4515,
b0733,1.10.3.14
b0978,1.10.3.14
b0734,1.10.3.14
b0979,1.10.3.14
b3739,
b3731,
b3736,
b3732,3.6.3.14
b3738,
b3733,
b3737,
b3735,
b3734,3.6.3.14
b4067,
b3654,
b3714,
b3664,
b4088,
b4087,3.6.3.17
b4086,
b0511,
b1900,3.6.3.17
b4460,
b1901,
b0837,
b0124,1.1.5.2
b4064,
b4464,
b0974,
b2997,1.12.99.6
b0973,1.12.99.6
b2995,
b2994,1.12.99.6
b0972,1.12.99.6
b2996,
b4287,3.6.3.34
b4289,
b4288,
b4290,
b1252,
b3006,
b3005,
b1102,
b2315,6.3.2.12;6.3.2.17
b0612,
b0040,
b2130,
b2131,
b2128,
b2129,
b3409,
b2169,2.7.1.202
b2167,2.7.1.202
b2801,
b0584,
b0336,
b0341,
b3909,
b4036,
b4291,
b1119,2.7.1.59
b3829,2.1.1.14
b4019,2.1.1.13
b0886,
b0887,
b2476,6.3.2.6
b0509,1.1.1.60
b3125,1.1.1.60
b2501,2.7.4.1
b3941,1.5.1.20
b2574,1.4.3.16
b3177,2.5.1.15
b0529,1.5.1.5;3.5.4.9
b4132,
b0750,2.5.1.72
b0306,
b0307,
b3605,1.1.2.3
b0308,
b2492,
b0904,
b3631,
b0914,
b1300,1.2.1.99
b1967,3.5.1.124;4.2.1.130
b0933,
b0934,
b0936,
b2032,
b2027,
b2035,
b3622,
b0459,2.3.1.79
b0585,
b1326,
b1325,5.1.1.20
b0591,
b3035,
b0692,
b2014,
b1296,
b1298,3.5.1.94
b3374,
b1308,
b2197,
b2198,
b2201,3.6.3.41
b2200,
b2199,
b0622,2.3.1.251
b3785,
b3793,
b2552,1.14.12.17
b0756,5.1.3.3
b0484,3.6.3.54
b3469,3.6.3.3;3.6.3.5
b3626,
b3623,
b2257,2.4.2.43
b2711,
b2710,
b4111,
b1386,1.4.3.21
b4071,
b4073,
b4072,
b4070,1.7.2.2
b3679,
b0110,3.5.1.28
b1463,2.3.1.118
b4219,1.8.4.11
b1832,1.8.4.14
b1778,1.8.4.12
b2871,4.3.1.15
b0932,3.4.11.2
b2523,3.4.11.23
b4260,3.4.11.1
b0237,
b2132,3.2.1.21
b2239,3.1.4.46
b4169,3.5.1.28
b2435,3.5.1.28
b2817,3.5.1.28
b0867,3.5.1.28
b1654,
b3610,
b2675,1.17.4.1
b2676,1.17.4.1
b0849,
b1064,
b3336,1.16.3.1
b0123,
b1192,3.4.17.13
b1270,2.5.1.17
b2180,
b2179,
b1246,
b1243,
b1244,
b1247,
b2177,
b2178,
b1329,
b1245,
b0433,
b4367,
b0574,
b0573,
b0575,
b0572,
b3915,
b0752,
b1858,
b1859,
b1857,
b1981,
b2392,
b0452,
b1927,3.2.1.1
b3571,3.2.1.1
b3650,2.7.6.5;3.1.7.2
b2344,
b4213,3.1.3.6;3.1.4.16
b1059,
b1727,3.1.3.23
b3580,2.7.1.53
b2051,
b4265,
b3266,
b3265,
b3907,
b4242,3.6.3.2
b3479,3.6.3.24
b3477,
b3476,
b3480,3.6.3.24
b3478,
b4094,2.7.4.23
b4513,
b0696,3.6.3.12
b0698,3.6.3.12
b0697,3.6.3.12
b3458,
b2975,
b3603,
b4034,
b4035,
b4032,
b4033,
b3666,
b0731,2.7.1.195
b0343,
b4120,
b0197,
b0199,
b0198,
b1297,6.3.1.11
b2933,2.7.1.197
b3599,2.7.1.197
b2934,2.7.1.197
b1186,
b0019,
b0451,
b0751,
b1223,
b3367,
b1469,
b3726,
b3728,
b3727,
b3725,3.6.3.27
b3258,
b3371,
b2679,
b2677,3.6.3.32
b2678,
b0402,
b1015,
b0855,
b1123,
b0856,
b1126,3.6.3.31
b0854,
b1441,
b0857,
b1443,
b1124,
b1125,
b1440,
b1442,
b2957,3.5.1.1
b0150,
b1865,3.6.1.67
b2954,3.6.1.66
b1002,3.1.3.10
b2938,4.1.1.19
b4090,5.3.1.6
b4084,2.7.1.55
b4085,
b3748,5.4.99.62
b3751,
b3750,
b4230,
b4227,
b4231,
b3749,3.6.3.17
b4485,3.6.3.17
b0260,
b0810,
b0809,
b0811,
b1492,
b3653,
b3927,
b3959,2.7.2.8
b2170,
b0070,
b1528,
b2303,5.1.99.7
b3028,
b3432,2.4.1.18
b3503,1.20.4.1
b4321,
b3792,
b2033,
b2034,
b2037,
b2175,3.4.17.13
b0356,1.1.1.1;1.1.1.284
b2240,
b0875,
b0353,
b2309,
b0325,
b2092,
b2093,2.7.1.200
b2094,2.7.1.200
b3093,
b3415,
b4476,
b1621,2.7.1.199;2.7.1.208
b2021,2.6.1.9
b0166,2.3.1.117
b1519,2.1.1.144
b3437,2.7.1.12
b4268,2.7.1.12
b3805,2.5.1.61
b3904,2.7.1.5
b2482,
b2484,
b2488,
b2723,
b2485,
b2483,
b2724,
b2721,
b2490,
b2719,
b4079,1.17.99.7
b2481,
b2486,
b2722,
b2720,
b2487,
b2489,
b2747,2.7.7.60
b3213,1.4.1.13;1.4.1.14
b1761,1.4.1.4
b3212,1.4.1.13;1.4.1.14
b0186,4.1.1.18
b4131,4.1.1.18
b1189,1.4.5.1
b2888,
b2882,
b3453,
b3450,3.6.3.20
b3451,
b3452,
b2536,
b0212,3.1.2.6
b3779,3.6.1.11;3.6.1.40
b2868,
b2867,1.17.1.4
b2866,1.17.1.4
b4311,
b1991,2.4.2.21
b3502,
b1444,1.2.1.19
b2927,1.2.1.72
b2023,
b2025,
b3640,3.6.1.23
b0425,1.1.1.169
b3772,4.3.1.19
b0931,6.3.4.21
b1764,2.7.9.3
b2150,
b2149,3.6.3.17
b2148,
b1640,2.7.1.170
b0048,1.5.1.3
b1606,1.5.1.3;1.5.1.50
b3390,2.7.1.71
b0388,2.7.1.71
b1745,3.5.3.23
b0114,1.2.4.1
b0115,2.3.1.12
b3128,4.2.1.42
b2255,1.1.1.305;2.1.2.13
b0774,2.6.1.62
b1605,
b2818,2.3.1.1
b1489,3.1.4.52
b3032,3.1.4.53
b0334,4.2.1.79
b0092,6.3.2.4
b0381,6.3.2.4
b1738,2.7.1.196;2.7.1.205
b2715,
b1736,2.7.1.196;2.7.1.205
b1737,
b2224,2.3.1.9
b1216,
b0842,
b3350,
b0047,
b0728,6.2.1.5
b0729,6.2.1.5
b0650,
b0757,2.7.1.6
b0133,6.3.2.1
b2165,4.2.1.70
b3389,4.2.3.4
b2366,4.3.1.18
b1723,2.7.1.11
b0755,5.4.2.11
b3612,5.4.2.12
b3919,5.3.1.1
b2914,5.3.1.6
b2320,1.1.1.290
b1107,3.2.1.52
b1539,1.1.1.381
b3823,
b0813,
b2919,4.1.1.41
b3870,6.3.1.2
b2947,6.3.2.3
b2253,2.6.1.87
b2254,2.4.2.53
b2256,
b2258,
b4544,
b3621,
b1781,
b3001,
b3620,
b3624,
b3629,
b3628,
b3627,
b3850,1.3.5.3
b3630,
b3632,
b3625,
b2810,
b1680,2.8.1.7;4.4.1.16
b3867,1.3.98.3
b3824,
b2133,1.1.5.12
b2260,6.2.1.26
b1919,4.4.1.15
b2578,
b1533,
b4394,
b2499,6.3.3.1
b3825,3.1.1.5
b2835,
b3029,
b2889,5.3.3.2
b3821,3.1.1.4;3.1.1.32
b2146,1.3.1.1
b2147,1.3.1.1
b4478,4.2.1.6
b1380,1.1.1.28
b2965,4.1.1.17
b0693,4.1.1.17
b0954,4.2.1.59;5.3.3.14
b1288,1.3.1.9;1.3.1.10
b0175,2.7.7.41
b3918,3.6.1.26
b1912,2.7.8.5
b2585,2.7.8.8
b1093,1.1.1.100
b1661,2.1.1.79
b1006,
b2497,
b1488,3.4.13.22
b3541,
b3543,
b3540,
b1487,
b3544,
b1486,
b1483,
b1484,
b1485,
b3542,
b0832,
b0831,
b0829,
b0830,
b0789,
b1249,
b0657,
b1677,
b0418,3.1.3.27
b0508,5.3.1.22
b0613,2.4.2.52
b1301,
b0805,
b2155,
b0576,
b0594,2.7.7.58;6.3.2.14
b0376,3.4.16.4
b0632,3.4.16.4
b0839,3.4.16.4
b2010,3.4.16.4
b2430,3.4.16.4
b3182,3.4.16.4
b3833,2.1.1.163;2.1.1.201
b0514,2.7.1.165
b0089,
b3396,2.4.1.129;3.4.16.4
b2519,2.4.1.129
b1069,
b3208,2.4.1.129
b0149,2.4.1.129;3.4.16.4
b0635,3.4.16.4
b0084,3.4.16.4
b0925,
b1678,
b0355,3.1.2.12
b2154,3.1.2.12
b2893,5.3.4.1
b0604,
b3930,2.5.1.74
b3994,4.1.99.17
b1710,1.11.1.9
b2480,1.11.1.15
b0429,
b0432,1.10.3.10
b0431,1.10.3.10
b0430,
b4041,2.3.1.15
b0180,4.2.1.59
b2413,
b3018,2.3.1.51
b4042,2.7.1.107
b4160,4.1.1.65
b0723,1.3.5.1;1.3.5.4
b0722,
b0724,1.3.5.1;1.3.5.4
b0721,
b0494,3.1.1.5
b1276,4.2.1.3
b0118,4.2.1.3;4.2.1.99
b3447,2.3.2.2;3.4.19.13
b1990,
b1113,
b0819,
b2813,
b0211,
b1097,
b1193,
b2701,
b4392,
b2963,
b2558,
b3546,2.7.8.42
b1655,
b2328,
b2134,
b1856,
b1185,
b3860,
b4136,1.8.1.8
b0606,
b0605,1.11.1.15
b0221,
b2285,1.6.5.3
b2286,1.6.5.3
b2288,1.6.5.3
b2283,1.6.5.3
b2279,1.6.5.3
b2278,1.6.5.3
b2276,1.6.5.3
b2284,1.6.5.3
b2282,1.6.5.3
b2281,1.6.5.3
b2277,1.6.5.3
b2287,1.6.5.3
b2280,1.6.5.3
b1801,
b4208,
b0007,
b0874,
b2923,
b0037,6.2.1.48
b1734,3.2.1.86
b2467,
b0404,3.1.4.14
b0314,
b4474,
b3370,
b3816,
b3040,
b2373,4.1.1.8
b4233,6.3.2.45
b3196,
b3691,
b2843,5.3.1.17
b2156,
b4130,
b4356,
b4358,
b3431,3.2.1.196
b0155,
b0684,
b1378,1.2.7.1
b2895,
b0777,2.1.1.197
b0641,
b3201,
b3200,
b4261,
b4262,
b3199,
b0054,
b1025,
b1490,2.7.7.65
b1535,2.7.7.65
b1794,2.7.7.65
b1341,2.7.7.65
b2503,
b0315,3.1.4.52
b1285,3.1.4.52
b3525,3.1.4.52
b0009,2.7.7.75
b0784,
b2530,2.8.1.7
b2470,
b0463,
b0462,
b1394,5.3.3.18
b1090,2.3.1.15
b3059,2.3.1.15
b2529,
b1683,
b1684,
b1682,
b1681,
b0827,2.10.1.1
b3856,
b3857,2.7.7.77
b3058,1.13.11.81;4.1.2.25;5.1.99.8
b1634,
b3496,
b0709,
b2528,
b1679,
b0775,2.8.1.6
b1009,
b0444,6.3.4.20
b2794,1.7.1.13
b1008,
b2765,4.1.2.50;4.2.3.12
b2263,4.2.99.20
b1011,3.5.1.110
b1010,
b0968,3.6.1.7
b2264,2.2.1.9
b2262,4.1.3.36
b1686,3.1.2.28
b3991,2.8.1.10
b3992,2.7.7.73
b0423,2.8.1.4
b3990,4.1.99.19
b4407,
b2877,2.7.7.76
b2374,2.8.3.16
b1392,
b1391,
b1390,1.14.13.149
b1388,1.14.13.149
b1389,
b1397,2.3.1.174;2.3.1.223
b1395,1.1.1.157
b1007,
b1012,1.14.99.46
b0785,2.8.1.12
b3893,
b1474,1.17.5.3
b3894,1.17.1.9
b1475,
b3892,
b1476,
b0776,2.3.1.47
b3412,3.1.1.85
b2515,1.17.7.1;1.17.7.3
b4238,1.1.98.6
b4237,1.97.1.4
b3924,1.18.1.2;1.19.1.1
b4209,
b1387,1.2.1.91;3.3.2.12
b1393,4.2.1.17
b2912,6.3.3.2
b2174,2.7.4.29
b0826,2.7.7.80
b0781,4.1.99.22
b0783,4.6.1.17
b0630,2.3.1.181
b0628,2.8.1.8
b4386,6.3.1.20
b1385,1.2.1.39
b2917,5.4.99.2
b3572,2.6.1.66
b4129,6.1.1.6
b3722,
b0681,
b1473,
b3882,1.1.1.61;1.1.1.373
b1600,
b1599,
b2660,
b4167,4.2.1.136;5.1.99.6
b2670,
b3070,1.16.1.9
b0269,
b4297,
b4298,4.3.3.7
b0268,4.3.3.7
b3715,
b0516,3.5.3.9
b0515,3.5.3.26
b1617,3.2.1.31
b1695,
b1771,
b2907,
b0543,
b1601,
b0624,
b3880,5.3.1.31
b3881,4.1.2.57
b3877,
b3876,
b1511,2.7.1.189
b2371,2.8.3.19
b2989,
b2302,
b1619,1.1.1.159
b4337,
b1338,
b1337,
b1336,
b2873,3.5.2.2
b1430,2.1.1.265
b1396,
b3943,
b0578,1.5.1.34
b3253,
b1022,
b1021,
b1733,3.5.1.105
b4266,1.1.1.69
b3493,
b2987,
b0401,
b4141,
b1798,
b3662,
b1592,
b2842,1.1.1.127
b4020,
b1985,
b1516,
b1513,
b1514,
b1515,
b1518,5.3.1.32
b3240,
b3241,
b1449,
b2245,4.1.2.53
b1448,2.3.1.183
b3656,3.2.1.177
b3883,2.7.1.184
b3966,
b4098,4.7.1.1
b3488,
b1813,
b2166,2.7.1.83
b1103,
b4100,2.7.8.37
b4101,2.7.8.37
b4096,2.7.8.37
b4099,2.7.8.37
b4095,3.6.1.63
b4092,3.1.4.55
b2047,
b4106,3.6.3.28
b4104,
b4105,
b0662,
b2906,
b1400,
b2683,
b2682,
b1821,
b2164,
b1616,
b1517,2.3.1.245
b0577,
b0465,
b3291,
b4159,
b2924,
b1330,
b0808,
b2247,4.2.1.90
b0597,
b1870,
b3116,
b2796,
b4093,
b3878,3.2.1.199
b1206,
